{"BMI_AT_BASELINE": 31.517320181721367, "SYSTOLA_AT_BASELINE": 133.16505229463854, "DIASTOLA_AT_BASELINE": 80.136586913914, "Creatinine_B_AT_BASELINE": 0.9341590878852898, "Albumin_B_AT_BASELINE": 4.2820649321416, "Urea_B_AT_BASELINE": 33.37481370130032, "Glucose_B_AT_BASELINE": 146.2500880122002, "HbA1C_AT_BASELINE": 7.131783311078467, "RBCRed_Blood_Cells_AT_BASELINE": 4.850531159861683, "Hemoglobin_AT_BASELINE": 14.062860875741652, "Ferritin_AT_BASELINE": 135.21932478060344, "AST_GOT_AT_BASELINE": 25.514991722099158, "ALT_GPT_AT_BASELINE": 31.630907642088705, "Bilirubin_Total_AT_BASELINE": 0.6489893192988049, "Na_Sodium_B_AT_BASELINE": 139.85160918903264, "K_Potassium_B_AT_BASELINE": 4.465288341289573, "CaCalcium_B_AT_BASELINE": 9.442664070175587, "HDLCholesterol_AT_BASELINE": 44.64808689210277, "LDLCholesterol_AT_BASELINE": 122.06265931402194, "Triglycerides_AT_BASELINE": 188.53085944083193, "PTH_AT_BASELINE": 65.19059687791184, "SE_HYPERTENSION": 0, "SE_ISCHEMIC_MI": 0, "SE_CVA_TIA": 0, "SE_DEMENTIA": 0, "SE_ART_SCLE_GEN": 0, "SE_TROMBOPHILIA": 0, "SE_IBD": 0}